CIL,Regio,Insula,Civico,Strada,ID DOMUS,Stanza,Luogo ,Tipo,Testo originario,Traduzione ITA,Traduzione ENG,Descrizione,Altre fonti,Link fonte,Bibliografia,LINK IMMAGINE,LINK WIKICOMMONS,ATTRIBUTIONS
8356,I,10,4,,I.10.4,Vestibolo,Casa di Menandro,graffito,Nucer(i)<ae=EA> quaeres ad porta(m) Romana(m) / in vico Venerio Novelliam / Primigeniam,,"At Nuceria, look for Novellia Primigenia near the Roman gate in the prostitute’s district.",entrata posteriore vestibolo,,,,https://upload.wikimedia.org/wikipedia/commons/6/63/8356%28Novellia_Primigenia%29.jpg,https://commons.wikimedia.org/wiki/File:8356(Novellia_Primigenia).jpg,"By Fer.filol (Own work) [Public domain], via Wikimedia Commons"
8364,I,10,7,,I.10.7,,Casa e Ufficio di Volusius Iuvencus,graffito,Secundus / Prim(a)e suae ubi/que i<p=S>s(a)e salute(m) rogo domina / ut me ames,,"Secundus says hello to his Prima, wherever she is. I ask, my mistress, that you love me.",alla sinistra della porta,,,,https://upload.wikimedia.org/wikipedia/commons/thumb/1/16/8364%28Secundus_prime_sue%29.jpg/120px-8364%28Secundus_prime_sue%29.jpg,https://commons.wikimedia.org/wiki/File:8364(Secundus_prime_sue).jpg,"By Fer.filol (Own work) [Public domain], via Wikimedia Commons"
4957,VIII,7,6,,VIII.7.6,,Locanda dei mulattieri,graffito,Miximus in lecto fateor peccavimus hospes / si dices quare nulla matella fuit,,"We have wet the bed, host. I confess we have done wrong. If you want to know why, there was no chamber pot",,,,,https://upload.wikimedia.org/wikipedia/commons/thumb/1/18/4957%28Miximus_in_lecto%29.jpg/120px-4957%28Miximus_in_lecto%29.jpg,https://commons.wikimedia.org/wiki/File:4957(Miximus_in_lecto).jpg,"By Fer.filol (Own work) [Public domain], via Wikimedia Commons"
8259,I,10,3,,I.10.3,,Bar di Prima,graffito,Successus textor amat coponiaes(!) ancilla(m) / nomine Hiredem quae quidem illum / non curat sed illa com(m)iseretur / scribit rivalis vale / invidiose quia rumper<i=E>s se<c=D>are noli formonsiorem // et qui est homo prav<i=E>ssimus et bellus,,"The story of Successus, Severus and Iris is played out on the walls of a bar: [Severus]: “Successus, a weaver, loves the innkeeper’s slave girl named Iris. She, however, does not love him. Still, he begs her to have pity on him. His rival wrote this. Goodbye.”. [Answer by Successus]: “Envious one, why do you get in the way. Submit to a handsomer man and one who is being treated very wrongly and good looking.” [Answer by Severus]: “I have spoken. I have written all there is to say. You love Iris, but she does not love you.”",,,,,https://upload.wikimedia.org/wikipedia/commons/thumb/2/29/8259%28Successus_textor%29.jpg/120px-8259%28Successus_textor%29.jpg,https://commons.wikimedia.org/wiki/File:8259(Successus_textor).jpg,"By Fer.filol (Own work) [Public domain], via Wikimedia Commons"
8258,I,10,2,,I.10.2,,Bar di Prima,graffito,Dixi scripsi amas Hiredem / quae te non curat SIX() Successo / ut su[p]ra(t) [3]s[3] / Severus,,"The story of Successus, Severus and Iris is played out on the walls of a bar: [Severus]: “Successus, a weaver, loves the innkeeper’s slave girl named Iris. She, however, does not love him. Still, he begs her to have pity on him. His rival wrote this. Goodbye.”. [Answer by Successus]: “Envious one, why do you get in the way. Submit to a handsomer man and one who is being treated very wrongly and good looking.” [Answer by Severus]: “I have spoken. I have written all there is to say. You love Iris, but she does not love you.”",,,,,https://upload.wikimedia.org/wikipedia/commons/thumb/4/45/8258%28Dixi._Scripsi%29.jpg/120px-8258%28Dixi._Scripsi%29.jpg,https://commons.wikimedia.org/wiki/File:8258(Dixi._Scripsi).jpg,"By Fer.filol (Own work) [Public domain], via Wikimedia Commons"
1824,VIII,2,,,VIII.2,,Basilica,graffito,Quisquis amat veniat Veneri volo frangere costas / fustibus et lumbos debilitare deae / si potest illa mihi tenerum pertundere pectus / quit ego non possim caput i[ll]ae frangere fuste,,"Let everyone one in love come and see. I want to break Venus’ ribs with clubs and cripple the goddess’ loins. If she can strike through my soft chest, then why can’t I smash her head with a club?",,,,,https://upload.wikimedia.org/wikipedia/commons/thumb/4/49/1824%28Quisquis_amat_veniat%29.jpg/120px-1824%28Quisquis_amat_veniat%29.jpg,https://commons.wikimedia.org/wiki/File:1824(Quisquis_amat_veniat).jpg,"By Fer.filol (Own work) [Public domain], via Wikimedia Commons"
1852,VIII,2,,,VIII.2,,Basilica,graffito,Pyrrhus Chio co<l=N>legae sal(utem) / moleste fero quod audivi / te mortu<u=O>m itaqe val(e),,Pyrrhus to his colleague Chius: I grieve because I hear you have died; and so farewell.,,,,,https://upload.wikimedia.org/wikipedia/commons/thumb/5/5e/1852%28Phyrrus_Chio%29.jpg/120px-1852%28Phyrrus_Chio%29.jpg,https://commons.wikimedia.org/wiki/File:1852(Phyrrus_Chio).jpg,"By Fer.filol (Own work) [Public domain], via Wikimedia Commons"
5092,IX,5,11,,IX.5.11,Peristilio,Casa di Poppaeus Sabinus,graffito,Amoris ignes sentires mulio / magi(s) properares ut videres Venerem / diligo puerum venustum rogo punge iamus / bibisti iamus prende lora et excute / Pompeios defer ubi dulcis est amor / meus es,,"If you felt the fires of love, mule-driver, you would make more haste to see Venus. I love a charming boy; I ask you, goad the mules; let’s go. Take me to Pompeii, where love is sweet. You are mine…",,,,,https://upload.wikimedia.org/wikipedia/commons/thumb/7/7c/5092%28Amoris_ignes%29.jpg/120px-5092%28Amoris_ignes%29.jpg,https://commons.wikimedia.org/wiki/File:5092(Amoris_ignes).jpg,"By Fer.filol (Own work) [Public domain], via Wikimedia Commons"
8408,II,2,1,,II.2.1 ,,Bar di Astylus e Pardalus,graffito,Amantes ut apes vita(m) mellita(m) exigunt,,Lovers are like bees in that they live a honeyed life,,,,,https://upload.wikimedia.org/wikipedia/commons/thumb/9/9c/8408%28Amantis_ut_apes%29.jpg/120px-8408%28Amantis_ut_apes%29.jpg,https://commons.wikimedia.org/wiki/File:8408(Amantis_ut_apes).jpg,"By Fer.filol (Own work) [Public domain], via Wikimedia Commons"
1880,VIII,2,,,VIII.2,,Basilica,graffito,L(ucius) Istacidi(us) a<d=T> quem non ceno barbarus ille mihi est,,"Lucius Istacidius, I regard as a stranger anyone who doesn’t invite me to dinner.",,,,,https://upload.wikimedia.org/wikipedia/commons/thumb/d/d5/1880%28L._Istacidi%29.jpg/120px-1880%28L._Istacidi%29.jpg,https://commons.wikimedia.org/wiki/File:1880(L._Istacidi).jpg,"By Fer.filol (Own work) [Public domain], via Wikimedia Commons"
4091,V,1,26,,V.1.26,,Casa di Caecilius ,graffito,(Quis)quis amat valeat pereat qui nescit amare / bis tanto pereat quisquis amare vetat,,"Whoever loves, let him flourish. Let him perish who knows not love. Let him perish twice over whoever forbids love.",,,,"J.P. Hallett, Hermes 105, 1977, 252-253. - AE 1984. ",https://upload.wikimedia.org/wikipedia/commons/thumb/e/e0/4091%28Quisquis_amat%29.jpg/120px-4091%28Quisquis_amat%29.jpg,https://commons.wikimedia.org/wiki/File:4091(Quisquis_amat).jpg,"By Fer.filol (Own work) [Public domain], via Wikimedia Commons"
10070,II,3,10,,II.3.10,,Negozio di ceramica o Bar di Nicanor,graffito,Lesbiane cacas scribisque [sa]lute(m),,"Lesbianus, you defecate and you write, ‘Hello, everyone!’",alla destra della porta,,,,,,
3932,I,2,20,,I.2.20,Bar ,Casa Innulus e Papilio,graffito,] dolete puellae / p(a)edi[care volo] cunne superbe va(le) / Ampliatus toties / [3] scribet toties venit / hoc quoque futu{tu}i futui / car<d=B>ine negate[3] locoru(m) car / hic / recareas meo [3] / ara,,"Weep, you girls. My penis has given you up. Now it penetrates men’s behinds. Goodbye, wondrous femininity!",,,,,,,
3951,I,2,23,,I.2.23,Peristilio,Taverna di Verecondo,graffito,Restutus / Restetuta / pone tunica(m) / rogo red(d)es / pilosa(m) c<u=O>(nnum),,"Restitutus says: “Restituta, take off your tunic, please, and show us your hairy privates”.",,,,,,,
2375,I,4,5,,I.4.5,,Casa del Citarista,graffito,Amplicate / Icarus / te pedicat / Salvius / scripsit,,"Amplicatus, I know that Icarus is buggering you. Salvius wrote this.",sotto di un disegno di un uomo con un grande naso,,,,,,
8075,I,7,1,,I.7.1,Vestibolo,Casa Cuspius Pansa,graffito,Cicuta ab rationibus // Neronis Augusti,,The finances officer of the emperor Nero says this food is poison,alla sinistra della porta,,,,,,
8162,I,7,8,,I.7.8 ,,,graffito,Hic fuimus cari duo nos sine fine sodales / nomina si [quaeris Caius et Aulus erant],,"We two dear men, friends forever, were here. If you want to know our names, they are Gaius and Aulus.",,,,,,,
8297,I,10,2,,I.10.2,,Bar di Prima,graffito,Roma / olim / miro / amor,,,,,,,,,
8304,I,10,4,,I.10.4 ,Esterno ,Casa di Menandro,graffito,III Non(as) Septe(mbres) / Satura [fuit(?)] hic,,Satura was here on September 3rd,,,,,,,
8442,II,2,2,,II.2.3 ,,Bar di  Athictus,graffito,Futui / coponam,,I screwed the barmaid,alla destra della porta,,,,,,
8475,II,4,1,,II.4.1,,,graffito,Pamhira si[t]ifera,,"Palmyra, the thirst-quencher",,,,,,,
8767,II,7,7,,II.7,,Caserma dei gladiatori,graffito,Floronius / binet ac miles / leg(ionis) VII hic / fuit neque / mulieres / scierunt nisi / paucae et / se<x=S> erunt,,"Floronius, privileged soldier of the 7th legion, was here. The women did not know of his presence. Only six women came to know, too few for such a stallion.",,,,,,,
8792,II,7,7,,II.7,,Caserma dei gladiatori,graffito,M() Sita(?) ,,"On April 19th, I made bread ?",,,,,,,
8792b,II,7,7,,II.7,,Caserma dei gladiatori,graffito,Antiochus / hic mansit / cum sua / Cithera,,Antiochus hung out here with his girlfriend Cithera.,,,,,,,
7698a,III,4,2,,III.4.2 ,,Casa del Moralista,graffito,,"L'acqua lavi i piedi e, lavati, uno schiavo li asciughi; una tovaglia ricopra il letto; non sporcare la nostra biancheria di lino",Let water wash your feet clean and a slave wipe them dry; let a cloth cover the couch; take care of our linens.,,,,,,,
7698b,III,4,2,,III.4.2 ,,Casa del Moralista,graffito,,Evita di fare espressioni cupide e occhiuzzi languidi alla moglie altrui; la tua bocca conservi il pudore.,Remove lustful expressions and flirtatious tender eyes from another man’s wife; may there be modesty in your expression.,,,,,,,
7698c,III,4,2,,III.4.2 ,,Casa del Moralista,graffito,,"Evita i contrasti e rinvia gli odiosi litigi, se puoi, altrimenti, esci e tornatene a casa tua","[…]postpone your tiresome quarrels if you can, or leave and take them home with you.",,,,,,,
7716,III,5,1,,III.5.1,,Casa di Pascius Hermes,graffito,,,"To the one defecating here. Beware of the curse. If you look down on this curse, may you have an angry Jupiter for an enemy.",,,,,,,
8898,III,5,3,,III.5.3,,Strada,graffito,T(h)iop(h)ilus(!) canis / cunnu(m) lingere no/li puellis in muro,,"Theophilus, don’t perform oral sex on girls against the city wall like a dog",su un muro sulla strada ,,,"AE 1984, 0205. ",,,
8903,III,5,4,,III.5.4 ,,,graffito,,,"Gaius Sabinus says a fond hello to Statius. Traveler, you eat bread in Pompeii but you go to Nuceria to drink. At Nuceria, the drinking is better.",esterno di una piccola casa,,,"J.N. Adams, LMC 7, 1982, 86-87. 150. - AE 1984. ",,,
4066,V,1,18,,V.1.18,,Casa di Valerius Flaccus e di  Valerius Rufinus,graffito,,,Daphnus was here with his Felicla.,,,,"CIL 04, 08898. (B) ",,,
4087,V,1,26,,V.1.26,Peristilio,Casa di Caecilius ,graffito,,,Staphylus was here with Quieta.,,,,"H. Solin, Epigraphica 30, 1968, 115-118. ",,,
6702,V,3,9,,V.3.9,,Cosmus and Epidia,graffito,,,Aufidius was here. Goodbye,,,,,,,
6641,V,5,,,V.5 ,,fuori Porta Vesuvio,graffito,,,"Defecator, may everything turn out okay so that you can leave this place",,,,,,,
7086,V,5,,,V.5 ,,vicino Porta Vesuvio,graffito,,,Marcus loves Spendusa,,,,,,,
4289,V,5,,,V.5.3,peristilio,Caserma dei gladiatori Julio-Claudi,graffito,,,Celadus the Thracian gladiator is the delight of all the girls,collonna nel peristilio,,,,,,
1321,VI,,,,VI,,Nella strada di  Mercurio,graffito,,,Publius Comicius Restitutus stood right here with his brother,,,,,,,
139,VI,6,1,,VI.6.1,,casa degli Olii,graffito,,,"The city block of the Arrii Pollii in the possession of Gnaeus Alleius Nigidius Maius is available to rent from July 1st. There are shops on the first floor, upper stories, high-class rooms and a house. A person interested in renting this property should contact Primus, the slave of Gnaeus Alleius Nigidius Maius.",,,,,,,
1393,VI,11,,,VI.11 ,,,graffito,,,"On April 20th, I gave a cloak to be washed. On May 7th, a headband. On May 8th, two tunics",nel vico del labirinto,,,,,,
4485,VI,13,19,,VI.13.19,,Casa di Sextus Pompeius Axiochus e Julia Helena,graffito,,,"Hectice, baby, Mercator says hello to you",vico degli Scienziati,,,,,,
3042,VI,14,,,VI.14,,,graffito,,,"Cruel Lalagus, why do you not love me?",,,,,,,
4523,VI,14,20,,VI.14.20,,Casa di Orfeo,graffito,,,I have buggered men,,,,,,,
3494,VI,14,36,,VI.14.36,,Bar di Salvius,graffito,,,"In one bar, a picture depicts two men playing dice. One shouts, “Six!” while his opponent holds up two fingers and says, “No, that’s not a ‘three’; it’s a ‘two’”. By the door of the bar, another picture shows a short man driving a group of men out. Above his head are the words, “Go on, get out of here! You have been fighting!”",,,,,,,
3494,VI,14,36,,VI.14.36,,Bar di Salvius,graffito,,,Whoever wants to serve themselves can go on an drink from the sea.,,,,,,,
3498,VI,14,37,,VI.14.37,,Falegnameria di Potitus,graffito,,,"What a lot of tricks you use to deceive, innkeeper. You sell water but drink unmixed wine",,,,,,,
1520,VI,14,43,,VI.14.43,,Bordello,graffito,,,"Blondie has taught me to hate dark-haired girls. I shall hat them, if I can, but I wouldn’t mind loving them. Pompeian Venus Fisica wrote this.",,,,,,,
4637,VI,15,6,,VI.15.6,,Casa di Caesius Valens e Herennius Nardus,graffito,,,Rufus loves Cornelia Hele,,,,,,,
6842,VI,16,15,,VI.16.15,Atrio,Casa di Pinarius,graffito,,,"If anyone does not believe in Venus, they should gaze at my girl friend",,,,,,,
2060,VII,,,,VII,,Casa dell'atrio tetrastilo,graffito,,,Romula hung out here with Staphylus.,,,,,,,
1714,VII,1,40,strada degli  Augustales,VII.1.40,Peristilio,Casa Caesius Blandus; nel peristilio della casa di Marte e Venere,graffito,,,It took 640 paces to walk back and forth between here and there ten times,,,,,,,
1645,VII,6,35,Vico dei Soprastanti ,VII.6.35,,Bordello di Venere,graffito,,,May Love burn in some lonely mountains whoever wants to rape my girl friend!,,,,,,,
3117,VII,2,18,vicolo del Panattiere,VII.2.18,,Casa dei Vibii,graffito,,,Atimetus got me pregnant,,,,,,,
3131,VII,2,18,vicolo del Panattiere,VII.2.18,,Casa dei Vibii,graffito,,,Figulus loves Idaia,,,,,,,
1679,VII,2,44,strada degli  Augustales,VII.2.44,,Bar di Hedone (o Colepius),graffito,,,"Hedone says, “You can get a drink here for only one coin. You can drink better wine for two coins. You can drink Falernian for four coins.”",,,,,,,
3061,VII,2,48,,VII.2.48,,Casa di Caprasius Primus,graffito,,,"I don’t want to sell my husband, not for all the gold in the world",,,,,,,
4783,VII,7,5,,VII.7.5,,Casa dei Calpurnii,graffito,,,Crescens is sweet and charming,,,,,,,
2048,VII,9,,via dell'Abbondanza ,VII.9,,Edificio Eumachia,graffito,,,Secundus likes to screw boys.,,,,,,,
2175,VII,12,18-20,,VII.12.18-20,,Lupanare,graffito,,,I screwed a lot of girls here.,,,,,,,
2185,VII,12,18-20,,VII.12.18-20,,Lupanare,graffito,,,"On June 15th, Hermeros screwed here with Phileterus and Caphisus.",,,,,,,
2192,VII,12,18-20,,VII.12.18-20,,Lupanare,graffito,,,"Sollemnes, you screw well!",,,,,,,
2145,VII,12,35,Vico d’ Eumachia,VII.12.35,,Bordello?,graffito,,,"Gaius Valerius Venustus, soldier of the 1st praetorian cohort, in the century of Rufus, screwer of women",,,,,,,
2146,VII,12,35,Vico d’ Eumachia,VII.12.35,,Bordello?,graffito,,,Vibius Restitutus slept here alone and missed his darling Urbana,,,,,,,
2163,VII,12,35,Vico d’ Eumachia,VII.12.35,,Bordello?,graffito,,,"The warmest hello to Saenecio Fortunaus, wherever he may go.",,,,,,,
4838,VII,15,11-12,,VII.15.11-12,,Casa di Verus,graffito,,,Secundus says hello to his friends.,tra le due porte,,,,,,
2457,VIII,,,,,Corridoio,Teatro,graffito,,,"Methe, slave of Cominia, from Atella, loves Chrestus. May Pompeian Venus be dear to both of them and may they always live in harmony.",a sinistra della porta,,,,,,
64,VIII,,,,,,Strada dei teatri,graffito,,,A copper pot went missing from my shop. Anyone who returns it to me will be given 65 bronze coins (sestertii). 20 more will be given for information leading to the capture of the thief.,,,,,,,
1751,VIII,1,,,VIII.1,,Porta Marina,graffito,,,"If anyone sits here, let him read this first of all: if anyone wants a screw, he should look for Attice; she costs 4 sestertii.",sopra una panchina,,,,,,
1797,VIII,2,,,VIII.2,,Basilica,graffito,,,No young buck is complete until he has fallen in love,,,,,,,
1808,VIII,2,,,VIII.2,,Basilica,graffito,,,Auge loves Allotenus,,,,,,,
1811,VIII,2,,,VIII.2,,Basilica,graffito,,,A small problem gets larger if you ignore it,,,,,,,
1812,VIII,2,,,VIII.2,,Basilica,graffito,,,Caesius faithfully loves M[…name lost],,,,,,,
1816,VIII,2,,,VIII.2,,Basilica,graffito,,,"Epaphra, you are bald!",,,,,,,
1820,VIII,2,,,VIII.2,,Basilica,graffito,,,"Chie, I hope your hemorrhoids rub together so much that they hurt worse than when they every have before!",,,,,,,
1826,VIII,2,,,VIII.2,,Basilica,graffito,,,Phileros is a eunuch!,,,,,,,
1837,VIII,2,,,VIII.2,,Basilica,graffito,,,"If you are able, but not willing, why do you put off our joy and kindle hope and tell me always to come back tomorrow. So, force me to die since you force me to live without you. Your gift will be to stop torturing me. Certainly, hope returns to the lover what it has once snatched away.",,,,,,,
1842,VIII,2,,,VIII.2,,Basilica,graffito,,,Gaius Pumidius Dipilus was here on October 3rd 78 BC.,,,,,,,
1863,VIII,2,,,VIII.2,,Basilica,graffito,,,Take hold of your servant girl whenever you want to; it’s your right,,,,,,,
1864,VIII,2,,,VIII.2,,Basilica,graffito,,,Samius to Cornelius: go hang yourself!,,,,,,,
1881,VIII,2,,,VIII.2,,Basilica,graffito,,,Virgula to her friend Tertius: you are disgusting!,,,,,,,
1882,VIII,2,,,VIII.2,,Basilica,graffito,,,The one who buggers a fire burns his penis,,,,,,,
1904,VIII,2,,,VIII.2,,Basilica,graffito,,,"O walls, you have held up so much tedious graffiti that I am amazed that you have not already collapsed in ruin.",,,,,,,
1926,VIII,2,,,VIII.2,,Basilica,graffito,,,Epaphra is not good at ball games.,,,,,,,
1928,VIII,2,,,VIII.2,,Basilica,graffito,,,"Love dictates to me as I write and Cupid shows me the way, but may I die if god should wish me to go on without you",,,,,,,
1951,VIII,2,,,VIII.2,,Basilica,graffito,,,"Sarra, you are not being very nice, leaving me all alone like this",,,,,,,
2409a,IX,1,26,,IX.1.26,Atrio,Casa dei Giudei,graffito,,,Stronius Stronnius knows nothing!,,,,,,,
4993,IX,2,18,,IX.2.18,Tablinium,Casa di  Curvius Marcellus e Fabia,graffito,,,Ampliatus Pedania is a thief!,,,,,,,
5112,IX,5,18,,IX.5.18,,Casa di Hercules e Nessus,graffito,,,"Learn this: while I am alive, you, hateful death, are coming.",accanto alla porta,,,,,,
5213,IX,8,3,,IX.8.3,Atrio,Casa del Centenario,graffito,,,"My lusty son, with how many women have you had sexual relations?",,,,,,,
5243,IX,8,3,,IX.8.3,latrina,Casa del Centenario,graffito,,,“Secundus defecated here” three time on one wall.,vicino alla porta di ingresso,,,,,,
5279,IX,8,3,,IX.8.3,,Casa del Centenario,graffito,,,"Once you are dead, you are nothing",interno della casa,,,,,,
5251,IX,8,11,,IX.8.11,Triclinio,Casa,graffito,,,Restitutus has deceived many girls.,,,,,,,
1085,,,,,,,,,,,,,,,,https://upload.wikimedia.org/wikipedia/commons/thumb/b/b3/1085%28Paris_isse%29.jpg/80px-1085%28Paris_isse%29.jpg,https://commons.wikimedia.org/wiki/File:1085(Paris_isse).jpg,"By Fer.filol (Own work) [Public domain], via Wikimedia Commons"
1234,,,,,,,,,,,,,,,,https://upload.wikimedia.org/wikipedia/commons/thumb/c/c4/1234%28Pupa_bela%29.jpg/120px-1234%28Pupa_bela%29.jpg,https://commons.wikimedia.org/wiki/File:1234(Pupa_bela).jpg,"By Fer.filol (Own work) [Public domain], via Wikimedia Commons"
1326,,,,,,,,,,,,,,,,https://upload.wikimedia.org/wikipedia/commons/thumb/9/91/1326%28Beniuolentibus%29.jpg/120px-1326%28Beniuolentibus%29.jpg,https://commons.wikimedia.org/wiki/File:1326(Beniuolentibus).jpg,"By Fer.filol (Own work) [Public domain], via Wikimedia Commons"
1684,,,,,,,,,,,,,,,,https://upload.wikimedia.org/wikipedia/commons/thumb/a/a8/1684%28Zosimus_Victoriae%29.jpg/80px-1684%28Zosimus_Victoriae%29.jpg,https://commons.wikimedia.org/wiki/File:1684(Zosimus_Victoriae).jpg,"By Fer.filol (Own work) [Public domain], via Wikimedia Commons"
1810,,,,,,,,,,,,,,,,https://upload.wikimedia.org/wikipedia/commons/thumb/f/fc/1810%28Peregrinus%29.jpg/120px-1810%28Peregrinus%29.jpg,https://commons.wikimedia.org/wiki/File:1810(Peregrinus).jpg,"By Fer.filol (Own work) [Public domain], via Wikimedia Commons"
1969,,,,,,,,,,,,,,,,https://upload.wikimedia.org/wikipedia/commons/thumb/b/b0/1969%28Lais_felat%29.jpg/120px-1969%28Lais_felat%29.jpg,https://commons.wikimedia.org/wiki/File:1969(Lais_felat).jpg,"By Fer.filol (Own work) [Public domain], via Wikimedia Commons"
1989,,,,,,,,,,,,,,,,https://upload.wikimedia.org/wikipedia/commons/thumb/0/0b/1989%28Venatio%29.jpg/120px-1989%28Venatio%29.jpg,https://commons.wikimedia.org/wiki/File:1989(Venatio).jpg,"By Fer.filol (Own work) [Public domain], via Wikimedia Commons"
2013,,,,,,,,,,,,,,,,https://upload.wikimedia.org/wikipedia/commons/thumb/7/78/2013%28Nicerate%29.jpg/80px-2013%28Nicerate%29.jpg,https://commons.wikimedia.org/wiki/File:2013(Nicerate).jpg,"By Fer.filol (Own work) [Public domain], via Wikimedia Commons"
2487,,,,,,,,,,,,,,,,https://upload.wikimedia.org/wikipedia/commons/thumb/8/88/2487%28Admiror_paries%29.jpg/120px-2487%28Admiror_paries%29.jpg,https://commons.wikimedia.org/wiki/File:2487(Admiror_paries).jpg,"By Fer.filol (Own work) [Public domain], via Wikimedia Commons"
4498,,,,,,,,,,,,,,,,https://upload.wikimedia.org/wikipedia/commons/thumb/a/a4/4498%28Thyas_noli_amare%29.jpg/80px-4498%28Thyas_noli_amare%29.jpg,https://commons.wikimedia.org/wiki/File:4498(Thyas_noli_amare).jpg,"By Fer.filol (Own work) [Public domain], via Wikimedia Commons"
4592,,,,,,,,,,,,,,,,https://upload.wikimedia.org/wikipedia/commons/thumb/1/1a/4592%28Eutychis_Graeca%29.jpg/120px-4592%28Eutychis_Graeca%29.jpg,https://commons.wikimedia.org/wiki/File:4592(Eutychis_Graeca).jpg,"By Fer.filol (Own work) [Public domain], via Wikimedia Commons"
4776,,,,,,,,,,,,,,,,https://upload.wikimedia.org/wikipedia/commons/thumb/a/a4/4776%28Ladicula_fur%29.jpg/120px-4776%28Ladicula_fur%29.jpg,https://commons.wikimedia.org/wiki/File:4776(Ladicula_fur).jpg,"By Fer.filol (Own work) [Public domain], via Wikimedia Commons"
4778,,,,,,,,,,,,,,,,https://upload.wikimedia.org/wikipedia/commons/thumb/a/ad/4778%28Cresces_Hispano%29.jpg/120px-4778%28Cresces_Hispano%29.jpg,https://commons.wikimedia.org/wiki/File:4778(Cresces_Hispano).jpg,"By Fer.filol (Own work) [Public domain], via Wikimedia Commons"
4888,,,,,,,,,,,,,,,,https://upload.wikimedia.org/wikipedia/commons/thumb/9/96/4888%28Ligna_procu%29.jpg/80px-4888%28Ligna_procu%29.jpg,https://commons.wikimedia.org/wiki/File:4888(Ligna_procu).jpg,"By Fer.filol (Own work) [Public domain], via Wikimedia Commons"
4976,,,,,,,,,,,,,,,,https://upload.wikimedia.org/wikipedia/commons/thumb/a/a9/4976%28Sodoma_Gomora%29.jpg/120px-4976%28Sodoma_Gomora%29.jpg,https://commons.wikimedia.org/wiki/File:4976(Sodoma_Gomora).jpg,"By Fer.filol (Own work) [Public domain], via Wikimedia Commons"
5296,,,,,,,,,,,,,,,,https://upload.wikimedia.org/wikipedia/commons/thumb/9/90/5296%28O_utinam_liceat%29.jpg/120px-5296%28O_utinam_liceat%29.jpg,https://commons.wikimedia.org/wiki/File:5296(O_utinam_liceat).jpg,"By Fer.filol (Own work) [Public domain], via Wikimedia Commons"
8020,,,,,,,,,,,,,,,,https://upload.wikimedia.org/wikipedia/commons/thumb/a/aa/8020%28Venustus%29.jpg/120px-8020%28Venustus%29.jpg,https://commons.wikimedia.org/wiki/File:8020(Venustus).jpg,"By Fer.filol (Own work) [Public domain], via Wikimedia Commons"
8055,,,,,,,,,,,,,,,,https://upload.wikimedia.org/wikipedia/commons/thumb/a/a4/8055%28Oceanus_-gladiadores-%29.jpg/120px-8055%28Oceanus_-gladiadores-%29.jpg,https://commons.wikimedia.org/wiki/File:8055(Oceanus_-gladiadores-).jpg,"By Fer.filol (Own work) [Public domain], via Wikimedia Commons"
8318,,,,,,,,,,,,,,,,https://upload.wikimedia.org/wikipedia/commons/thumb/5/5a/8318%28Montanus_victor%29.jpg/120px-8318%28Montanus_victor%29.jpg,https://commons.wikimedia.org/wiki/File:8318(Montanus_victor).jpg,"By Fer.filol (Own work) [Public domain], via Wikimedia Commons"
8347,,,,,,,,,,,,,,,,https://upload.wikimedia.org/wikipedia/commons/thumb/9/99/8347%28Crescens_dexter_ocellus%29.jpg/120px-8347%28Crescens_dexter_ocellus%29.jpg,https://commons.wikimedia.org/wiki/File:8347(Crescens_dexter_ocellus).jpg,"By Fer.filol (Own work) [Public domain], via Wikimedia Commons"
8820,,,,,,,,,,,,,,,,https://upload.wikimedia.org/wikipedia/commons/thumb/4/49/8820%28Ursa_peperit%29.jpg/120px-8820%28Ursa_peperit%29.jpg,https://commons.wikimedia.org/wiki/File:8820(Ursa_peperit).jpg,"By Fer.filol (Own work) [Public domain], via Wikimedia Commons"
8863,,,,,,,,,,,,,,,,https://upload.wikimedia.org/wikipedia/commons/thumb/c/ca/8863%28Nundinae%29.jpg/120px-8863%28Nundinae%29.jpg,https://commons.wikimedia.org/wiki/File:8863(Nundinae).jpg,"By Fer.filol (Own work) [Public domain], via Wikimedia Commons"
9123,,,,,,,,,,,,,,,,https://upload.wikimedia.org/wikipedia/commons/thumb/3/38/9123%28Nihil_durare_potest%29.jpg/120px-9123%28Nihil_durare_potest%29.jpg,https://commons.wikimedia.org/wiki/File:9123(Nihil_durare_potest).jpg,"By Fer.filol (Own work) [Public domain], via Wikimedia Commons"
9143,,,,,,,,,,,,,,,,https://upload.wikimedia.org/wikipedia/commons/thumb/6/6d/9143%28Pompeianis_salutem%29.jpg/120px-9143%28Pompeianis_salutem%29.jpg,https://commons.wikimedia.org/wiki/File:9143(Pompeianis_salutem).jpg,"By Fer.filol (Own work) [Public domain], via Wikimedia Commons"
9171,,,,,,,,,,,,,,,,https://upload.wikimedia.org/wikipedia/commons/thumb/9/92/9171%28Sic_tibi_contingat%29.jpg/120px-9171%28Sic_tibi_contingat%29.jpg,https://commons.wikimedia.org/wiki/File:9171(Sic_tibi_contingat).jpg,"By Fer.filol (Own work) [Public domain], via Wikimedia Commons"
9226,,,,,,,,,,,,,,,,https://upload.wikimedia.org/wikipedia/commons/thumb/8/8d/9226%28Rufus_est%29.jpg/80px-9226%28Rufus_est%29.jpg,https://commons.wikimedia.org/wiki/File:9226(Rufus_est).jpg,"By Fer.filol (Own work) [Public domain], via Wikimedia Commons"
7131,,,,,,,,,,,,,,,,https://upload.wikimedia.org/wikipedia/commons/thumb/6/6d/Arma_virumque_cano.jpg/120px-Arma_virumque_cano.jpg,https://commons.wikimedia.org/wiki/File:Arma_virumque_cano.jpg,"By Fer.filol (Own work) [Public domain], via Wikimedia Commons"
4832,,,,,,,,,Arma virumque cano troia qui primus ab oris,Canto le armi e l’uomo che per primo dai lidi di Troia,,,,,,https://upload.wikimedia.org/wikipedia/commons/thumb/6/6d/Arma_virumque_cano.jpg/120px-Arma_virumque_cano.jpg,https://commons.wikimedia.org/wiki/File:Arma_virumque_cano.jpg,"By Fer.filol (Own work) [Public domain], via Wikimedia Commons"
9131,IX,13,5,,IX.13.5,,,,Fullones ululamque cano non arma virumque,,"“I sing of fullers and an owl, not of arms and a man” ",,,,,https://upload.wikimedia.org/wikipedia/commons/thumb/6/6d/Arma_virumque_cano.jpg/120px-Arma_virumque_cano.jpg,https://commons.wikimedia.org/wiki/File:Arma_virumque_cano.jpg,"By Fer.filol (Own work) [Public domain], via Wikimedia Commons"
10237,,,,,,,,,,,,,,,,https://upload.wikimedia.org/wikipedia/commons/thumb/6/6a/CIL_IV_10237.jpg/120px-CIL_IV_10237.jpg,https://commons.wikimedia.org/wiki/File:CIL_IV_10237.jpg,"By Fer.filol (Own work) [Public domain], via Wikimedia Commons"
7,,,,,,,,,,,,,,,,https://upload.wikimedia.org/wikipedia/commons/thumb/c/c9/Eros7.6.jpg/120px-Eros7.6.jpg,https://commons.wikimedia.org/wiki/File:Eros7.6.jpg,"By Fer.filol (Own work) [Public domain], via Wikimedia Commons"
#N/A,,,,,,,,,,,,,,,,https://upload.wikimedia.org/wikipedia/commons/thumb/1/1b/Fututiones_variae.jpg/79px-Fututiones_variae.jpg,https://commons.wikimedia.org/wiki/File:Fututiones_variae.jpg,"By Fer.filol (Own work) [Public domain], via Wikimedia Commons"
#N/A,,,,,,,,,,,,,,,,https://upload.wikimedia.org/wikipedia/commons/thumb/1/16/Graffiti_politique_de_Pompei.jpg/89px-Graffiti_politique_de_Pompei.jpg,https://commons.wikimedia.org/wiki/File:Graffiti_politique_de_Pompei.jpg,"By Fer.filol (Own work) [Public domain], via Wikimedia Commons"
#N/A,,,,,,,,,,,,,,,,https://upload.wikimedia.org/wikipedia/commons/thumb/a/af/Inscripci%C3%B3n_dentro_de_un_lupanar_de_Pompeya.jpg/120px-Inscripci%C3%B3n_dentro_de_un_lupanar_de_Pompeya.jpg,https://commons.wikimedia.org/wiki/File:Inscripci%C3%B3n_dentro_de_un_lupanar_de_Pompeya.jpg,"By Fer.filol (Own work) [Public domain], via Wikimedia Commons"
#N/A,,,,,,,,,,,,,,,,https://upload.wikimedia.org/wikipedia/commons/thumb/3/3c/Onesimus.jpg/120px-Onesimus.jpg,https://commons.wikimedia.org/wiki/File:Onesimus.jpg,"By Fer.filol (Own work) [Public domain], via Wikimedia Commons"
1914,,,,,,,,,,,,,,,,https://upload.wikimedia.org/wikipedia/commons/thumb/a/ae/Pompei%2C_Gladiatoren%2C_AE_1914%2C_00157.jpg/120px-Pompei%2C_Gladiatoren%2C_AE_1914%2C_00157.jpg,"https://commons.wikimedia.org/wiki/File:Pompei,_Gladiatoren,_AE_1914,_00157.jpg","By Fer.filol (Own work) [Public domain], via Wikimedia Commons"
2,,,,,,,,,,,,,,,,https://upload.wikimedia.org/wikipedia/commons/thumb/1/1d/Pompeii_graffiti_2.jpg/120px-Pompeii_graffiti_2.jpg,https://commons.wikimedia.org/wiki/File:Pompeii_graffiti_2.jpg,"By Fer.filol (Own work) [Public domain], via Wikimedia Commons"
#N/A,,,,,,,,,,,,,,,,https://upload.wikimedia.org/wikipedia/commons/thumb/1/12/Pompeii_graffiti.jpg/120px-Pompeii_graffiti.jpg,https://commons.wikimedia.org/wiki/File:Pompeii_graffiti.jpg,"By Fer.filol (Own work) [Public domain], via Wikimedia Commons"
846,,,,,,,,,,,,,,,,https://upload.wikimedia.org/wikipedia/commons/thumb/0/06/Titulus.Pompei.JPG/800px-Titulus.Pompei.JPG,,
2995,,,,,,,Teatro Grande,,[Venim]us hoc cupidi multo magis ire cupimus,,,,,,,,,
6697,V,3,4,,V.3.4,,,,Venimus hoc cupidi multo magis ire cupimus,,,,,,,,,
8114,I,7,1,,I.7.1,,Casa di Paquius Proculus,,[Venimus huc] cupidi multo magis [ire] cupimus,,,,,,,,,
8231a,I,10,1,,I.10.1,,,,Venimus hoc cupidi multo magis ire cu[pi]mus,,,,,,,,,
8891,III,5,3,,III.5.3,,,,Venimus hoc cupidi scribit Cornelius Martialis,,,,,,,,,
9849,I,11,11,,I.11.11,,Capona di Euxinus,,[Venimus h]oc cupidi multo magis ire cupimus,,,,,,,,,
10065,I,13,3,,I.13.3,,,,Venimus hoc cupidi multo magis,,,,,,,,,
8356,I,10,4,,I.10.4 ,"
",Casa di Menandro,,Nuceriae quaeres ad portam Romanam in vico Venerio Novelliam Primigeniam,"A Nocera, nella regione di Porta Romana, nel vico Venerio chiederai (d’ incontrarti) con Novellia Primigenia",,,,,,https://upload.wikimedia.org/wikipedia/commons/thumb/6/63/8356%28Novellia_Primigenia%29.jpg/220px-8356%28Novellia_Primigenia%29.jpg,https://commons.wikimedia.org/wiki/File:8356%28Novellia_Primigenia%29.jpg,
10241,,,,,,,,,"Primigeniae Nucerinae salutem vellem essem gemma hora non amplius una ut tibi signanti oscula missa darem

",,,,,,,,,
7870,IX,11,3,,,,,,"Calventium IIvir(um)  o(ro) v(os) f(aciatis) 
",,,,,,,https://upload.wikimedia.org/wikipedia/commons/3/3b/Pompeii-graffiti.jpg,,"See page for author [GFDL (http://www.gnu.org/copyleft/fdl.html) or Public domain], via Wikimedia Commons"
7871,IX,11,3,,,,,,M(arcum)  Lucretium  Frontonem,,,,,,,https://upload.wikimedia.org/wikipedia/commons/3/3b/Pompeii-graffiti.jpg,,"See page for author [GFDL (http://www.gnu.org/copyleft/fdl.html) or Public domain], via Wikimedia Commons"
"7872
",IX,11,3,,,,,,C(aium) I(ulium) P(olybium) IIvir(um) d(ignum) r(ei) p(ublicae),,,,,,,https://upload.wikimedia.org/wikipedia/commons/3/3b/Pompeii-graffiti.jpg,,"See page for author [GFDL (http://www.gnu.org/copyleft/fdl.html) or Public domain], via Wikimedia Commons"
7873,IX,11,3,,,,,,Ceium Secundum / IIv(irum) i(ure) d(icundo) Asellina rog(at),,,,,,,https://upload.wikimedia.org/wikipedia/commons/3/3b/Pompeii-graffiti.jpg,,"See page for author [GFDL (http://www.gnu.org/copyleft/fdl.html) or Public domain], via Wikimedia Commons"
7874,IX,11,4,,,,,,C(aium) Lollium Fuscum aed(ilem) d(ignum) r(ei) o(ro) v(os) f(aciatis),,,,,,,https://upload.wikimedia.org/wikipedia/commons/3/3b/Pompeii-graffiti.jpg,,"See page for author [GFDL (http://www.gnu.org/copyleft/fdl.html) or Public domain], via Wikimedia Commons"
7875,IX,11,,,,,,,"Cuspium  Pansam  aed(ilem)  o(ro)  v(os)
 f(aciatis)",,,,,,,https://upload.wikimedia.org/wikipedia/commons/3/3b/Pompeii-graffiti.jpg,,"See page for author [GFDL (http://www.gnu.org/copyleft/fdl.html) or Public domain], via Wikimedia Commons"
7876,IX,11,,,,,,,Fuscum  aed(ilem)  o(ro)  v(os)  f(aciatis),,,,,,,https://upload.wikimedia.org/wikipedia/commons/3/3b/Pompeii-graffiti.jpg,,"See page for author [GFDL (http://www.gnu.org/copyleft/fdl.html) or Public domain], via Wikimedia Commons"